"contrast","estimate","SE","df","p_value"
"gA - gB","-0.53630220338452417","0.071082589756343698","295","5.6567353475531989e-13"
"gA - gC","-1.1019366027376067","0.078516528055749588","295","1.2635847551108746e-34"
"gB - gC","-0.56563439935308257","0.077567318971576787","295","2.8209303541402599e-12"
