"contrast","estimate","SE","df","p_value"
"gA - gB","-0.50159257365229848","0.069253738539299045","295","3.8450538503683533e-12"
"gA - gC","-1.1664213279048614","0.077356591057052546","295","1.7516818741970576e-38"
"gB - gC","-0.66482875425256294","0.076452472675796829","295","2.4435659799797107e-16"
