"contrast","estimate","SE","df","p_value"
"gA - gB","-0.52359866221100559","0.071805657242147367","295","2.8260490862480811e-12"
"gA - gC","-1.0693433739717233","0.07960392015194856","295","1.9951507019757784e-32"
"gB - gC","-0.5457447117607177","0.077857312714704349","295","1.6308928857313534e-11"
