"g","emmean","SE","df"
"gA","0.22596914713927135","0.050095754372364056","295"
"gB","0.72756172079156978","0.048479853265764393","295"
"gC","1.3923904750441329","0.060114680632035518","295"
