"coef","value"
"mu","-0.0047351702622865583"
"ggB","0.53555428217628376"
"ggC","1.1018599443205381"
"x","0.31511850233580152"
