"contrast","estimate","SE","t","p"
"d2 vs earlier","0.66122027855469767","0.24218561886889478","2.7302210661510991","0.0073168642054638258"
"d3 vs earlier","1.7817139129831085","0.41947779674343816","4.2474570211229654","4.3848043838712233e-05"
"d4 vs earlier","2.8571923645199973","0.59323118926895535","4.8163218930564717","4.4577557060276581e-06"
