"g","emmean","SE"
"a","-0.019482894702543857","0.16249393164618284"
"b","0.97969749737425593","0.15748417502080708"
"c","0.97764966036913969","0.15962953119899384"
