"contrast","estimate","SE","t","p"
"d2 - d1","0.66122027855469767","0.24218561886889478","2.7302210661510991","0.0073168642054638258"
"d3 - d2","0.56024681721420544","0.24218561886889517","2.3132951486995172","0.022468274737231175"
"d4 - d3","0.35849281717896275","0.24218561886889528","1.4802399038112548","0.1415201400446103"
