"contrast","estimate","SE","t","p"
"linear","5.300126556057803","0.76585817216316099","6.9205066273401945","2.6388215293462747e-10"
"quadratic","-0.30272746137573492","0.34250218681611261","-0.88387015624594389","0.3785945437584155"
"cubic","-0.10078053869475045","0.76585817216316054","-0.1315916475893919","0.89553525691854685"
