"g","emmean","SE"
"a","-0.019482894702543756","0.16249393164618284"
"b","0.97969749737425604","0.15748417502080708"
"c","0.97764966036913981","0.15962953119899381"
