"A","prob","SE","lower","upper"
"a","0.58672991053208312","0.048937913529770921","0.4887256806628501","0.67831335043923913"
"b","0.6367217348691474","0.051065023747493714","0.5320728891347688","0.72984952656633217"
"c","0.80209465143902192","0.040663239380427971","0.71040764447532834","0.87006242212760787"
