"A","rate","SE"
"a","1.0821253443132919","0.098205485594377293"
"b","1.1493065660074271","0.10812667473518719"
"c","1.4494074216868547","0.11827555974964001"
