"B","response","SE"
"p","3.400367566201377","0.1914514022868111"
"q","4.0682717515680764","0.23524834404492537"
