"(Intercept)","Ab","Ac","Bq","x"
"1","0","0","0.5","0.017632641957261531"
"1","1","0","0.5","0.017632641957261531"
"1","0","1","0.5","0.017632641957261531"
