"A","emmean","SE","df","lower","upper"
"a","0.74798224472756591","0.080539896700729849","295","0.58947665825118845","0.90648783120394338"
"b","1.3529938541279234","0.086186320491031837","295","1.1833758904194074","1.5226118178364394"
"c","2.1457456983958396","0.083843899300076422","295","1.9807377088722509","2.3107536879194281"
