"contrast","ratio","SE","p"
"a / b","0.94154629958522229","0.11860590120089182","0.63254599693192692"
"a / c","0.74659845680511894","0.086654186193548907","0.011809461411060361"
"b / c","0.79294927624272604","0.094823927699357907","0.052376281562773033"
