"A","B","emmean","SE"
"a","p","0.46718656109918583","0.093194827960993612"
"b","p","1.0721981704995434","0.095715641990200523"
"c","p","1.8649500147674598","0.098436803057223118"
"a","q","1.0287779283559462","0.094587208952671017"
"b","q","1.6337895377563034","0.10175139160216165"
"c","q","2.4265413820242197","0.095018213193909101"
