"A","emmean","SE","lower","upper"
"a","0.35046324672515505","0.20182420321476605","-0.045104922784279244","0.74603141623458935"
"b","0.56116361198291898","0.22076714856037177","0.12846795183498683","0.99385927213085112"
"c","1.3994377413261101","0.25616442769168829","0.89736468893008636","1.9015107937221338"
