"g","dose","emmean","SE"
"a","0","-0.015209936105415505","0.11522265925448333"
"b","0","0.61266403650069545","0.1049946161435444"
"a","10","0.49337975249884564","0.065115527467005607"
"b","10","1.1003537588007688","0.060620107647498755"
"a","20","1.0019694411031066","0.097596799835941064"
"b","20","1.5880434811008421","0.09151126250875681"
