"contrast","estimate","SE","p"
"a - b","-0.32733130344292583","0.20933899729849406","0.11790160387743044"
"a - c","-1.0151112708133063","0.19906819471348128","3.4088630659099122e-07"
"b - c","-0.6877799673703805","0.20593273779423257","0.00083830228197864841"
