"quantity","value"
"ggB","0.33053559852695114"
"ggC","0.93689132651045903"
"x","0.28640728900512119"
"sigma_sq_frailty","0.08997030333761423"
