"contrast","estimate","SE","p"
"gA - gB","-0.5155594879860681","0.14021185275138129","0.00023598970701163577"
"gA - gC","-0.94177001288589057","0.1393994324445243","1.4194155954078193e-11"
"gB - gC","-0.42621052489982247","0.13833093296244967","0.0020624194168341239"
