"contrast","estimate","SE"
"gA - gB","-0.32798199276029744","0.19796626555118685"
"gA - gC","-0.92138175564575842","0.21639146898330958"
"gB - gC","-0.59339976288546104","0.20057396876583583"
