"contrast","estimate","SE"
"gA - gB","-0.33053559852695114","0.19837008463730701"
"gA - gC","-0.93689132651045903","0.2180727912601752"
"gB - gC","-0.6063557279835079","0.2012342462091106"
