"contrast","estimate","SE","t","df","p_mvt"
"t1 - ctrl","-0.38733401242189797","0.29845442842457837","-1.297799514875619","96","0.42645174309798506"
"t2 - ctrl","0.11344323725024888","0.29845442842457798","0.38010237559238286","96","0.96434423551218296"
"t3 - ctrl","0.088753180057592029","0.29845442842457798","0.29737598643144519","96","0.98219728174460386"
