"contrast","p_value"
"ctrl - t1","0.82957434980821776"
"ctrl - t2","0.93883215261781527"
"ctrl - t3","0.96741775531679663"
"ctrl - t4","0.99297081354232508"
"t1 - t2","0.34197555984432215"
"t1 - t3","0.45919896522469072"
"t1 - t4","0.70116938173766219"
"t2 - t3","0.24182110628651038"
"t2 - t4","0.47183245371171456"
"t3 - t4","0.35371122634586394"
