"term","df1","df2","F_ratio","p_value"
"A","2","295","72.390000000000001","2.638730274139397e-26"
"B","1","295","33.848999999999997","1.5494075781546581e-08"
"x","1","295","153.959","9.8746474595750797e-29"
