"trt","emmean","SE","df"
"A","2.1243230721434916","0.30043948879294013","25.598209052601753"
"B","2.9209510444737976","0.30043948879294013","25.598209052664757"
