"trt","emmean","SE","df"
"A","2.1243230721434916","0.30043948879293991","25.598210614412658"
"B","2.9209510444737976","0.30043948879293991","25.598210614412586"
