"contrast","T_square","df1","df2","F_ratio","p_value"
"a - b","33.322333951326122","3","54","10.71075019864054","3.7562612692609854e-05"
"a - c","48.303942304603005","3","54","15.52626716933668","6.3058984900443704e-07"
"b - c","6.1920104621905248","3","54","1.9902890771326687","0.33315093617023428"
