"g","emmean","SE"
"gA","0.47250884210525013","0.087697875328250338"
"gB","0.67140884908765808","0.07597411252875011"
"gC","1.4944120223745796","0.052319951970195976"
