"g","emmean","SE"
"gA","1.0178367671103641","0.069239531967028103"
"gB","1.4191204361458754","0.053367880110076503"
"gC","1.7775633954809253","0.045561371270151398"
