"district","emmean","SE"
"d1","2.2443502071006849","0.13178691291442415"
"d2","4.042535021231072","0.13178691291442415"
"d3","6.0786201115247414","0.13178691291442429"
