"Treatment","prob","SE","lower","upper"
"A","0.19826117465094026","0.10560093536579469","0.063014647299404772","0.4762441751943402"
"B","0.12514200572278986","0.081436145054206793","0.032217362768845334","0.38066587308547201"
"P","0.85591492781556344","0.084189288473473886","0.6091568511011457","0.95770069729828655"
