"g","emmean","SE"
"g1","0.82224100647388865","0.075655453447569604"
"g2","1.2505085527817399","0.09747800626317582"
"g3","1.7486788522094887","0.10209623853523656"
