"g","emmean","SE"
"g1","0.43632114310987447","0.059850521397365977"
"g2","0.86458868941772549","0.086072594704909466"
"g3","1.3627589888454741","0.09283751087583407"
