"g","emmean","SE"
"g1","0.61143174495493513","0.065316947101156805"
"g2","1.039699291262786","0.090378290909556389"
"g3","1.5378695906905351","0.098363399031171708"
