"g","emmean","SE"
"g1","0.59452486150581729","0.065289889841722487"
"g2","1.0117468860487722","0.090342363159292088"
"g3","1.6102349497970194","0.097620933426014744"
