"component","variance"
"BlockVariety","76.284851880589017"
"Block","209.44063425923557"
"Residual","180.49228175799604"
