"method","stat","ndf","ddf","p_value"
"KR","32.225174031896238","3","43.403612991815812","4.0633881500085466e-11"
"SAT","32.398751177395418","3","41.001304879816672","6.6939565002144263e-11"
