"nitro","emmean","SE","df"
"0","78.892070743494699","7.2943801828147343","7.7832042795133347"
"0.2","97.034252991660793","7.1362724272376212","7.1914318763828611"
"0.4","114.19816260704074","7.1361878320431593","7.1917357213298096"
"0.6","124.06856971424639","7.0702365809419705","6.9545574425508097"
