"day","trend","SE","df","lower","upper"
"1","-0.22046406250000805","0.29152337280942364","24","-0.82213873232232815","0.38121060732231205"
"2","-0.62356956521741513","0.29779340996740689","24","-1.2381849557114513","-0.0089541747233791158"
"3","-0.6110531250000244","0.50493329329976377","24","-1.6531842227595088","0.43107797275946003"
"4","-0.7956143750000314","0.31934785465541893","24","-1.4547159528823461","-0.13651279711771658"
"5","-1.1958468750000475","0.50493329329976533","24","-2.237977972759535","-0.15371577724055996"
"6","-1.2252116379310807","0.26520395830121657","24","-1.7725657060070203","-0.67785756985514101"
