"source","response","SE","sigma"
"fish","29.99701190554207","1.1003271250937423","0.11512799179723622"
"soy","39.403932370099611","1.4755977638566509","0.11512799179723622"
"skim","44.852326164580845","1.7664117320253607","0.11512799179723622"
