"source","emmean","SE","df","lower","upper"
"fish","3.3944924095581634","0.036681224391880034","23","3.3186115155604119","3.470373303555915"
"soy","3.6672602536765995","0.037447982338232919","23","3.5897932000177759","3.744727307335423"
"skim","3.7967700885961806","0.039382834349735253","23","3.7153004885987282","3.878239688593633"
