"source","response","SE","lower","upper"
"fish","29.799523682001514","1.0930830149506405","27.621971242879901","32.148741444478595"
"soy","39.14451277761524","1.4658830231348683","36.226583494963023","42.297471435856885"
"skim","44.557036545608248","1.7547823893907895","41.070926575536845","48.339048355173823"
