"contrast","ratio","SE"
"fish / soy","0.76126950030764851","0.040297419707611346"
"fish / skim","0.66879500954914151","0.036221461601317541"
"soy / skim","0.87852594814170837","0.046599473717940945"
