"cond","emmean","SE","df"
"c1","0.99055889775656036","0.14971188876282737","37.950769923838955"
"c2","1.2514001030057964","0.14971188876282712","37.950769923839211"
"c3","1.9380439431123229","0.14971188876282712","37.950769923839211"
