"A","emmean","SE"
"a","0","0"
"b","0.54279017653629813","0.099426382872214017"
"c","0.9506402798636775","0.099230348743152633"
