"A","emmean","SE"
"a","0.22767888757008803","0.066344112598637942"
"b","0.859253944659645","0.073453643162031859"
"c","1.197621612522163","0.073453643162031915"
