"contrast","estimate","SE","t","p"
"a - b","-0.54279017653629813","0.099426382872214017","-5.459216767785966","1.0204281943863797e-07"
"a - c","-0.9506402798636775","0.099230348743152633","-9.5801364391483723","4.3393963551179793e-19"
"b - c","-0.40785010332737937","0.10437092140006508","-3.9076985989617317","0.00011577839002755317"
