"A","emmean","SE"
"a","0.31942321137798158","0.083321447819759767"
"b","0.75676600951958739","0.1111652576458679"
"c","1.1382380390565987","0.12110315077607328"
