"A","emmean","SE"
"a","0.40272678268794476","0.089216099915920208"
"b","0.84006958082955063","0.10809019906597468"
"c","1.2215416103665619","0.12001308381769801"
