"A","emmean","SE"
"a","0.19990069602020824","0.080008722545132069"
"b","0.90526368011560887","0.10734296544230112"
"c","1.2215416103665619","0.12001308381769801"
